{"stat.leaveGame":16,"stat.mineBlock.ic2.sapling":1,"stat.mineBlock.ic2.rubber_wood":7,"stat.killEntity.mutantbeasts.mutant_skeleton":1,"stat.mineBlock.minecraft.web":8,"stat.pickup.minecraft.rotten_flesh":16,"stat.pickup.minecraft.sand":192,"stat.pickup.biomesoplenty.mushroom":3,"stat.killEntity.Witch":1,"stat.useItem.minecraft.iron_pickaxe":867,"stat.craftItem.minecraft.wooden_pickaxe":1,"stat.craftItem.minecraft.bed":1,"stat.furnaceInteraction":25,"stat.mineBlock.minecraft.rail":4,"stat.craftItem.ic2.te":13,"stat.pickup.minecraft.furnace":6,"stat.useItem.minecraft.cooked_mutton":8,"stat.useItem.minecraft.stone_stairs":61,"stat.entityKilledBy.mutantbeasts.mutant_skeleton":3,"stat.pickup.minecraft.stone_stairs":6,"stat.pickup.ic2.misc_resource":535,"stat.mineBlock.ic2.leaves":393,"stat.deaths":18,"stat.useItem.ic2.treetap":41,"stat.playOneMinute":342050,"stat.craftItem.minecraft.iron_pickaxe":4,"stat.pickup.minecraft.diamond_block":92,"stat.drop.minecraft.torch":1,"stat.mineBlock.minecraft.tallgrass":51,"stat.craftItem.minecraft.cooked_mutton":8,"stat.chestOpened":329,"stat.useItem.ic2.cable":66,"stat.useItem.minecraft.stone":52,"stat.pickup.minecraft.arrow":6,"stat.pickup.minecraft.iron_sword":1,"stat.craftItem.minecraft.coal":225,"stat.drop.minecraft.iron_pickaxe":1,"stat.fallOneCm":17085,"stat.craftItem.ic2.treetap":11,"stat.crouchOneCm":6862,"stat.craftItem.ic2.cable":528,"stat.pickup.minecraft.rail":6,"stat.craftItem.minecraft.diamond":448,"stat.craftItem.minecraft.chest":5,"stat.craftItem.minecraft.iron_ingot":49,"stat.craftingTableInteraction":136,"stat.craftItem.ic2.drill":1,"stat.mineBlock.ic2.resource":329,"stat.pickup.minecraft.wooden_pickaxe":1,"stat.useItem.minecraft.furnace":2,"stat.mineBlock.biomesoplenty.plant_0":148,"stat.pickup.minecraft.dye":63,"stat.pickup.minecraft.planks":23,"stat.pickup.minecraft.wheat_seeds":19,"stat.mineBlock.biomesoplenty.gem_ore":17,"stat.mineBlock.minecraft.gravel":90,"stat.useItem.minecraft.stone_pickaxe":393,"stat.mineBlock.minecraft.dirt":124,"stat.craftItem.ic2.dust":81,"stat.useItem.minecraft.torch":166,"stat.craftItem.minecraft.stone_stairs":56,"stat.useItem.ic2.wrench_new":55,"stat.pickup.minecraft.crafting_table":4,"stat.useItem.minecraft.cobblestone":231,"stat.craftItem.minecraft.crafting_table":1,"stat.mineBlock.minecraft.double_plant":1,"stat.pickup.minecraft.log":682,"stat.mineBlock.galacticraftcore.basic_block_core":343,"stat.pickup.minecraft.iron_pickaxe":1,"stat.craftItem.ic2.iridium_drill":1,"stat.craftItem.ic2.plate":359,"stat.pickup.minecraft.sapling":7,"stat.pickup.ic2.nano_boots":2,"stat.pickup.minecraft.coal_block":1381,"stat.craftItem.minecraft.planks":364,"stat.useItem.minecraft.iron_sword":144,"stat.mineBlock.minecraft.log":28,"stat.craftItem.ic2.re_battery":13,"stat.pickup.minecraft.red_flower":3,"stat.sneakTime":2628,"stat.useItem.ic2.iridium_drill":454,"stat.pickup.minecraft.wool":5,"stat.pickup.ic2.sapling":20,"stat.useItem.minecraft.wooden_axe":23,"stat.pickup.minecraft.yellow_flower":2,"stat.pickup.ic2.ingot":385,"stat.pickup.minecraft.bone":5,"stat.mineBlock.minecraft.cobblestone":21,"stat.pickup.minecraft.flint":6,"stat.mineBlock.minecraft.yellow_flower":2,"stat.useItem.minecraft.diamond_sword":66,"stat.craftItem.ic2.batpack":1,"stat.swimOneCm":21239,"stat.pickup.ic2.crushed":18,"stat.drop.minecraft.cobblestone":1,"stat.useItem.minecraft.dirt":1,"stat.useItem.minecraft.stone_slab2":331,"stat.craftItem.minecraft.furnace":4,"stat.craftItem.ic2.tool_box":2,"stat.craftItem.minecraft.stone_pickaxe":3,"stat.pickup.minecraft.cobblestone":1742,"stat.flyOneCm":119024,"stat.craftItem.ic2.ingot":14,"stat.pickup.minecraft.redstone":184,"stat.mineBlock.minecraft.iron_ore":265,"stat.timeSinceDeath":20820,"stat.useItem.minecraft.sign":3,"stat.pickup.minecraft.mutton":8,"stat.killEntity.Bat":1,"stat.pickup.minecraft.wooden_axe":1,"stat.pickup.galacticraftcore.basic_block_core":305,"stat.mineBlock.minecraft.coal_ore":272,"stat.killEntity.Creeper":3,"stat.pickup.minecraft.string":14,"stat.craftItem.ic2.casing":110,"stat.entityKilledBy.Skeleton":1,"stat.craftItem.minecraft.stone_slab2":0,"stat.sprintOneCm":286628,"stat.craftItem.minecraft.stick":132,"stat.craftItem.minecraft.wooden_axe":1,"stat.pickup.ic2.resource":328,"stat.mineBlock.minecraft.diamond_ore":17,"stat.mineBlock.biomesoplenty.mushroom":3,"stat.useItem.ic2.wrench":13,"stat.mineBlock.minecraft.crafting_table":4,"stat.useItem.minecraft.diamond_pickaxe":246,"stat.entityKilledBy.Creeper":3,"stat.mineBlock.minecraft.planks":1,"stat.drop":5,"stat.killEntity.Sheep":5,"stat.craftItem.minecraft.diamond_pickaxe":1,"stat.killEntity.Zombie":19,"stat.mineBlock.minecraft.gold_ore":16,"stat.diveOneCm":13890,"stat.drop.minecraft.diamond_pickaxe":1,"stat.craftItem.ic2.cutter":2,"stat.pickup.minecraft.sign":6,"stat.drop.minecraft.wooden_pickaxe":1,"stat.pickup.minecraft.gravel":83,"stat.pickup.ic2.te":41,"stat.useItem.minecraft.rotten_flesh":2,"stat.craftItem.minecraft.diamond_sword":1,"stat.jump":1734,"stat.craftItem.ic2.forge_hammer":16,"stat.pickup.minecraft.coal":523,"stat.pickup.minecraft.iron_ingot":69,"stat.pickup.minecraft.gunpowder":5,"stat.pickup.minecraft.spider_eye":5,"stat.craftItem.minecraft.torch":76,"stat.pickup.ic2.crafting":18,"stat.pickup.minecraft.dirt":119,"stat.pickup.minecraft.iron_ore":265,"stat.pickup.minecraft.gold_ore":16,"stat.mineBlock.minecraft.lapis_ore":13,"stat.mineBlock.minecraft.stone_stairs":6,"stat.damageTaken":4353,"stat.mineBlock.minecraft.red_flower":4,"stat.mineBlock.minecraft.furnace":6,"stat.mineBlock.minecraft.torch":10,"stat.useItem.minecraft.wooden_pickaxe":12,"stat.pickup.ic2.rubber_wood":7,"stat.killEntity.CaveSpider":4,"stat.entityKilledBy.Zombie":3,"stat.damageDealt":9129,"stat.sleepInBed":1,"stat.craftItem.minecraft.iron_sword":1,"stat.walkOneCm":908720,"stat.useItem.minecraft.chest":1,"stat.mineBlock.ic2.te":65,"stat.pickup.minecraft.diamond_pickaxe":1,"stat.useItem.ic2.te":36,"stat.pickup.galacticraftcore.basic_item":55,"stat.craftItem.ic2.nano_boots":1,"stat.pickup.minecraft.stone":398,"stat.craftItem.minecraft.iron_chestplate":1,"stat.killEntity.Skeleton":5,"stat.craftItem.ic2.crafting":53,"stat.pickup.biomesoplenty.gem":16,"stat.pickup.ic2.cable":79,"stat.killEntity.Spider":4,"stat.mobKills":44,"stat.useItem.ic2.diamond_drill":1686,"stat.craftItem.ic2.resource":6,"stat.useItem.minecraft.golden_apple":1,"stat.pickup.minecraft.diamond":19,"stat.mineBlock.minecraft.leaves":230,"stat.pickup.minecraft.torch":151,"stat.mineBlock.minecraft.redstone_ore":40,"stat.craftItem.galacticraftcore.basic_item":2,"stat.craftItem.ic2.diamond_drill":1,"stat.mineBlock.minecraft.stone":2153}